"product_id","handle","collection","title","type","available","price","compare_at_price","tags","images","featured_image","variant_id","variant_title","sku","variant_available","variant_price","barcode"
,"june-oak-display-cabinet","living-room-furniture",,,true,252000,,"","","",,"BAHASA BROWN / 36""","sl-bahas36FDgw",true,252000,
,"june-oak-display-cabinet","living-room-furniture",,,true,252000,,"","","",,"EBONY / 36""","sl-ebony3603np",true,252000,
,"june-oak-display-cabinet","living-room-furniture",,,true,252000,,"","","",,"HONEY / 36""","sl-honey36wDjx",,252000,
,"june-solid-oak-sideboard","living-room-furniture",,,true,190125,,"","","",,"EBONY / 70""","sl-ebony706x1H",true,190125,
,"june-solid-oak-sideboard","living-room-furniture",,,true,190125,,"","","",,"DUNE / 70""","sl-dune70cFaH",true,234000,
,"june-solid-oak-sideboard","living-room-furniture",,,true,190125,,"","","",,"BAHASA BROWN / 70""","sl-bahas70us4F",true,190125,
,"asher-honey-oak-sideboard-with-marble-top","living-room-furniture",,,true,210000,,"","","",,"EBONY / CARRARA / 71""","sl-ebonycarra71MPZW",true,210000,
,"asher-honey-oak-sideboard-with-marble-top","living-room-furniture",,,true,210000,,"","","",,"MOCHA / CARRARA / 71""","sl-mochacarra71vYoH",,210000,
,"asher-honey-oak-sideboard-with-marble-top","living-room-furniture",,,true,210000,,"","","",,"HONEY / CARRARA / 71""","sl-honeycarra71iglh",true,210000,
,"charred-teak-console-table","living-room-furniture",,,true,189000,,"","","",,"SHOU SUGI BAN / 48""","sl-shous48hMiY",true,189000,
,"charred-teak-console-table","living-room-furniture",,,true,189000,,"","","",,"WAXED NATURAL / 60""","sl-waxed60FtFM",true,190125,
,"asher-round-marble-coffee-table","living-room-furniture",,,true,153000,,"","","",,"MOCHA / CARRARA / 36""","sl-mochacarra3666ZI",true,153000,
,"asher-round-marble-coffee-table","living-room-furniture",,,true,153000,,"","","",,"EBONY / CARRARA / 36""","sl-ebonycarra36YN5n",true,153000,
,"asher-round-marble-coffee-table","living-room-furniture",,,true,153000,,"","","",,"HONEY / CARRARA / 36""","sl-honeycarra36NAhO",true,153000,
,"keegan-leather-swivel-glider","living-room-furniture",,,true,105000,,"","","",,"LANIE GRAPHITE","sl-lanieXdOb",true,105000,
,"keegan-leather-swivel-glider","living-room-furniture",,,true,105000,,"","","",,"LANIE CAMEL","sl-lanieRfNB",true,105000,
,"keegan-leather-swivel-glider","living-room-furniture",,,true,105000,,"","","",,"LANIE TAUPE","sl-lanieLRT3",true,105000,
,"marin-iron-console-table","living-room-furniture",,,true,120000,,"","","",,"BLACK / 58""","sl-black58617m",true,120000,
,"marin-iron-console-table","living-room-furniture",,,true,120000,,"","","",,"SILVER / 58""","sl-silve58gF2l",,90000,
,"marin-iron-console-table","living-room-furniture",,,true,120000,,"","","",,"BRASS / 58""","sl-brass58AXHw",true,120000,
,"everett-teak-sideboard-vintage-brown","living-room-furniture",,,true,174000,,"","","",,"HONEY / 58""","sl-honey58gvan",true,174000,
,"everett-teak-sideboard-vintage-brown","living-room-furniture",,,true,174000,,"","","",,"DHURRIE BROWN / 58""","sl-dhurr58Xh65",true,174000,
,"everett-teak-sideboard-vintage-brown","living-room-furniture",,,true,174000,,"","","",,"ECLIPSE / 58""","sl-eclip58aXKn",true,180000,
,"valletta-hand-finished-leather-sofa","living-room-furniture",,,true,277500,,"","","",,"LANIE CAMEL / 88""","sl-lanie880nQe",true,277500,
,"valletta-hand-finished-leather-sofa","living-room-furniture",,,true,277500,,"","","",,"LANIE GRAPHITE / 88""","sl-lanie88wSWW",true,277500,
,"solid-oak-june-bookcase","living-room-furniture",,,true,165750,,"","","",,"BAHASA BROWN / 36""","sl-bahas36vdHC",true,165750,
,"solid-oak-june-bookcase","living-room-furniture",,,true,165750,,"","","",,"EBONY / 36""","sl-ebony36xnvI",true,165750,
,"solid-oak-june-bookcase","living-room-furniture",,,true,165750,,"","","",,"DUNE / 36""","sl-dune36pwVr",true,204000,
,"kyoto-aluminum-c-side-table","living-room-furniture",,,true,33000,,"","","",,"BRASS / 24""","sl-brass24lxdn",true,33000,
,"kyoto-aluminum-c-side-table","living-room-furniture",,,true,33000,,"","","",,"MATTE BLACK / 24""","sl-matte24VmIU",true,33000,
,"kyoto-aluminum-c-side-table","living-room-furniture",,,true,33000,,"","","",,"SILVER / 24""","sl-silve24Dt8q",true,33000,
,"grady-reclaimed-oak-waterfall-console","living-room-furniture",,,true,110250,,"","","",,"NORTHMAN CINDER / 60""","sl-north60D0a1",true,110250,
,"grady-reclaimed-oak-waterfall-console","living-room-furniture",,,true,110250,,"","","",,"NORTHMAN SABLE / 60""","sl-north60Sqlz",true,110250,
,"sequoia-leather-sofa-floating-design","living-room-furniture",,,false,292500,,"","","",,"LANIE GRAPHITE / 100""","sl-lanie100XoeU",true,292500,
,"sequoia-leather-sofa-floating-design","living-room-furniture",,,false,292500,,"","","",,"LANIE CAMEL / 90""","sl-lanie90UcwI",true,255000,
,"huxley-leather-swivel-chair","living-room-furniture",,,true,142500,,"","","",,"METRO BROWN","sl-metroWGvI",true,142500,
,"huxley-leather-swivel-chair","living-room-furniture",,,true,142500,,"","","",,"METRO BLACK","sl-metrohIxh",true,142500,
,"arthur-cast-aluminum-martini-table","living-room-furniture",,,true,28500,,"","","",,"ANTIQUE SILVER","sl-antiqwpjL",true,28500,
,"arthur-cast-aluminum-martini-table","living-room-furniture",,,true,28500,,"","","",,"ANTIQUE COPPER","sl-antiqkNON",true,28500,
,"asher-honey-oak-console-table","living-room-furniture",,,true,115500,,"","","",,"EBONY / BLUESTONE / 63""","sl-ebonyblues63Ipga",,115500,
,"asher-honey-oak-console-table","living-room-furniture",,,true,115500,,"","","",,"HONEY / BLUESTONE / 63""","sl-honeyblues63oHfL",true,115500,
,"asher-honey-oak-console-table","living-room-furniture",,,true,115500,,"","","",,"MOCHA / BLUESTONE / 63""","sl-mochablues63w7AG",true,115500,
,"vaughn-leather-power-recliner","living-room-furniture",,,true,202500,,"","","",,"LANIE CAMEL","sl-lanieHySr",,202500,
,"vaughn-leather-power-recliner","living-room-furniture",,,true,202500,,"","","",,"LANIE TAUPE","sl-laniekm4B",true,202500,
,"vaughn-leather-power-recliner","living-room-furniture",,,true,202500,,"","","",,"LANIE GRAPHITE","sl-lanie7xFF",,202500,
,"nara-aluminum-end-table","living-room-furniture",,,true,55500,,"","","",,"BLACK","sl-black8bvF",true,55500,
,"nara-aluminum-end-table","living-room-furniture",,,true,55500,,"","","",,"ANTIQUE COPPER","sl-antiqVPjO",true,55500,
,"nara-aluminum-end-table","living-room-furniture",,,true,55500,,"","","",,"SPLASH NICKEL","sl-splasXeaR",true,55500,
,"the-stonegate-petrified-wood-coffee-table","living-room-furniture",,,true,317250,,"","","",,"BLACK NATURAL / 44""","sl-black44SNBE",true,317250,
,"the-stonegate-petrified-wood-coffee-table","living-room-furniture",,,true,317250,,"","","",,"NATURAL / 44""","sl-natur444bFR",,264375,
,"the-stonegate-petrified-wood-coffee-table","living-room-furniture",,,true,317250,,"","","",,"CENTURY MARBLE / 44""","sl-centu44U9Ne",true,211500,
,"hayes-solid-pine-cabinet","living-room-furniture",,,true,246000,,"","","",,"SAGE GREEN","sl-sagegrQrD",true,246000,
,"hayes-solid-pine-cabinet","living-room-furniture",,,true,246000,,"","","",,"BLONDE","sl-blondzFoC",true,246000,
,"rhett-solid-wood-dining-chair","dining-room-furniture",,,true,25200,,"","","",,"NOMAD SNOW","sl-nomadBRyd",true,25200,
,"rhett-solid-wood-dining-chair","dining-room-furniture",,,true,25200,,"","","",,"PLUSH INDIGO","sl-plushXemx",true,40500,
,"rhett-solid-wood-dining-chair","dining-room-furniture",,,true,25200,,"","","",,"PLUSH BRINDLE","sl-plushUChs",true,40500,
,"axel-performance-armchair","dining-room-furniture",,,true,31875,,"","","",,"BLACK & CUSHING MELLOW","sl-black0gcz",,31875,
,"axel-performance-armchair","dining-room-furniture",,,true,31875,,"","","",,"BLACK & CARY LINEN","sl-black8Eng",true,31875,
,"axel-performance-armchair","dining-room-furniture",,,true,31875,,"","","",,"BLACK & DOWNY EBONY","sl-blackk6Be",true,31875,
,"waverly-expandable-oak-dining-table","dining-room-furniture",,,true,236250,,"","","",,"SABLE / 54""","sl-sable542qTI",true,236250,
,"waverly-expandable-oak-dining-table","dining-room-furniture",,,true,236250,,"","","",,"EBONY / 54""","sl-ebony54jYz2",true,236250,
,"waverly-expandable-oak-dining-table","dining-room-furniture",,,true,236250,,"","","",,"MOCHA / 54""","sl-mocha54kuKH",true,270000,
,"axel-performance-dining-chair","dining-room-furniture",,,true,24375,,"","","",,"BLACK & CUSHING MELLOW","sl-blackWSZf",true,24375,
,"axel-performance-dining-chair","dining-room-furniture",,,true,24375,,"","","",,"BLACK & DOWNY SNOW","sl-blackkPUA",true,24375,
,"axel-performance-dining-chair","dining-room-furniture",,,true,24375,,"","","",,"BLACK & CARY LINEN","sl-blackHsqf",true,24375,
,"elise-powder-coated-iron-dining-chair","dining-room-furniture",,,true,31200,,"","","",,"NOMAD SNOW","sl-nomaduQ8i",true,31200,
,"elise-powder-coated-iron-dining-chair","dining-room-furniture",,,true,31200,,"","","",,"CUSHING MELLOW","sl-cushie4Kq",true,31200,
,"elise-powder-coated-iron-dining-chair","dining-room-furniture",,,true,31200,,"","","",,"BANKS LINEN","sl-banksJfUi",,31200,
,"maeve-oak-cane-dining-armchair","dining-room-furniture",,,true,42900,,"","","",,"HONEY & NOMAD CREAM","sl-honeyUNHl",true,42900,
,"maeve-oak-cane-dining-armchair","dining-room-furniture",,,true,42900,,"","","",,"BLACK DRIFTED & NOMAD SNOW","sl-blackb5TV",true,46200,
,"maeve-oak-cane-dining-armchair","dining-room-furniture",,,true,42900,,"","","",,"MOCHA & PROMISE ECRU","sl-mochaJRl1",true,52800,
,"micah-walnut-dining-table","dining-room-furniture",,,true,189000,,"","","",,"72""","sl-729mpC",true,189000,
,"micah-walnut-dining-table","dining-room-furniture",,,true,189000,,"","","",,"84""","sl-84MvK4",,215250,
,"micah-walnut-dining-table","dining-room-furniture",,,true,189000,,"","","",,"96""","sl-96WOo4",true,225375,
,"belmont-pine-oak-round-dining-table","dining-room-furniture",,,true,234000,,"","","",,"HONEY / 72""","sl-honey72zfmg",true,234000,
,"belmont-pine-oak-round-dining-table","dining-room-furniture",,,true,234000,,"","","",,"MOCHA / 72""","sl-mocha72wiTk",true,263250,
,"belmont-pine-oak-round-dining-table","dining-room-furniture",,,true,234000,,"","","",,"SLATE / 54""","sl-slate54lNC7",true,216000,
,"knox-faux-leather-dining-chair","dining-room-furniture",,,true,25350,,"","","",,"CASHMERE","sl-cashmRArv",true,25350,
,"knox-faux-leather-dining-chair","dining-room-furniture",,,true,25350,,"","","",,"CARBON","sl-carbolht3",true,25350,
,"knox-faux-leather-dining-chair","dining-room-furniture",,,true,25350,,"","","",,"RAVEN","sl-raven0eP9",true,25350,
,"belmont-solid-oak-dining-table","dining-room-furniture",,,true,216000,,"","","",,"HONEY / 60""","sl-honey60edEX",true,216000,
,"belmont-solid-oak-dining-table","dining-room-furniture",,,true,216000,,"","","",,"MOCHA / 60""","sl-mocha60jo5B",true,243000,
,"rhett-curved-back-dining-armchair","dining-room-furniture",,,true,27300,,"","","",,"NOMAD SNOW","sl-nomad2xlh",true,27300,
,"rhett-curved-back-dining-armchair","dining-room-furniture",,,true,27300,,"","","",,"PLUSH BRINDLE","sl-plushR5hw",true,43200,
,"rhett-curved-back-dining-armchair","dining-room-furniture",,,true,27300,,"","","",,"PLUSH INDIGO","sl-plushf9Lf",true,43200,
,"milo-artisan-reclaimed-wood-dining-table","dining-room-furniture",,,true,212250,,"","","",,"EBONY / BLUESTONE / 48""","sl-ebonyblues48S2qf",true,212250,
,"knox-360-faux-leather-swivel-stool","dining-room-furniture",,,true,39375,,"","","",,"CASHMERE / COUNTER STOOL","sl-cashmcountNwBF",true,39375,
,"knox-360-faux-leather-swivel-stool","dining-room-furniture",,,true,39375,,"","","",,"TANNER / COUNTER STOOL","sl-tannecount46r2",true,39375,
,"knox-360-faux-leather-swivel-stool","dining-room-furniture",,,true,39375,,"","","",,"CARBON / COUNTER STOOL","sl-carbocountVoyR",true,39375,
,"lyric-rattan-dining-chair","dining-room-furniture",,,true,16800,,"","","",,"NATURAL WEATHERED","sl-naturaHR4",,16800,
,"zephyr-red-oak-dining-table","dining-room-furniture",,,false,345000,,"","","",,"100"" / EBONY","sl-100ebonyTjbh",true,345000,
,"zephyr-red-oak-dining-table","dining-room-furniture",,,false,345000,,"","","",,"86"" / EBONY","sl-86ebonyHd0N",true,307500,
,"zephyr-red-oak-dining-table","dining-room-furniture",,,false,345000,,"","","",,"72"" / EBONY","sl-72ebonyg9E9",true,247500,
,"maeve-oak-rattan-counter-stool","dining-room-furniture",,,true,58800,,"","","",,"BLACK DRIFTED & NOMAD SNOW / COUNTER STOOL","sl-blackcount6nGU",true,58800,
,"maeve-oak-rattan-counter-stool","dining-room-furniture",,,true,58800,,"","","",,"MOCHA & PROMISE ECRU / COUNTER STOOL","sl-mochacount0dO1",true,75600,
,"axel-modern-dining-bench","dining-room-furniture",,,true,71250,,"","","",,"BLACK & DOWNY SNOW","sl-blackGrZj",true,71250,
,"axel-modern-dining-bench","dining-room-furniture",,,true,71250,,"","","",,"BLACK & CARY LINEN","sl-blackVgFN",true,71250,
,"romanian-oak-layered-dining-table","dining-room-furniture",,,true,321750,,"","","",,"VIN ROSU / 108""","sl-vinro108nGqM",,321750,
,"romanian-oak-layered-dining-table","dining-room-furniture",,,true,321750,,"","","",,"WALNUT / 108""","sl-walnu108lqnI",true,396000,
,"rhett-faux-leather-dining-chair","dining-room-furniture",,,false,43200,,"","","",,"OXNARD STONE","sl-oxnarXKXp",true,43200,
,"rhett-faux-leather-dining-chair","dining-room-furniture",,,false,43200,,"","","",,"OXNARD CAMEL","sl-oxnarTS71",true,43200,
,"elise-powder-coated-iron-stool","dining-room-furniture",,,true,44100,,"","","",,"CUSHING MELLOW / BARSTOOL","sl-cushibarst3dSE",true,44100,
,"elise-powder-coated-iron-stool","dining-room-furniture",,,true,44100,,"","","",,"NOMAD SNOW / COUNTER STOOL","sl-nomadcountGDDB",true,44100,
,"elise-powder-coated-iron-stool","dining-room-furniture",,,true,44100,,"","","",,"BANKS LINEN / BARSTOOL","sl-banksbarstPgpu",true,44100,
,"wilder-upholstered-bed","bedroom-furniture",,,true,236250,,"","","",,"TANIA CASHMERE / QUEEN / 52""","sl-taniaqueen52ufRe",true,236250,
,"wilder-upholstered-bed","bedroom-furniture",,,true,236250,,"","","",,"BANKS TAUPE / QUEEN / 52""","sl-banksqueen52gEs9",true,253125,
,"wilder-upholstered-bed","bedroom-furniture",,,true,236250,,"","","",,"NOMAD SNOW / QUEEN / 52""","sl-nomadqueen52ZUeh",true,258000,
,"oakes-performance-upholstered-bed","bedroom-furniture",,,true,135000,,"","","",,"NOMAD SNOW / KING","sl-nomadkingJcqM",true,135000,
,"oakes-performance-upholstered-bed","bedroom-furniture",,,true,135000,,"","","",,"NOMAD STONE / KING","sl-nomadking7DoP",,162000,
,"oakes-performance-upholstered-bed","bedroom-furniture",,,true,135000,,"","","",,"NOMAD LINEN / KING","sl-nomadkingMauy",true,162000,
,"meave-solid-mahogany-nightstand","bedroom-furniture",,,true,85500,,"","","",,"COCONUT CREMA","sl-coconRA6z",true,85500,
,"meave-solid-mahogany-nightstand","bedroom-furniture",,,true,85500,,"","","",,"DOMA VERDE","sl-domavqvCh",true,85500,
,"meave-solid-mahogany-nightstand","bedroom-furniture",,,true,85500,,"","","",,"ECLIPSE","sl-eclipudHu",,85500,
,"jules-upholstered-bed","bedroom-furniture",,,true,135000,,"","","",,"NOMAD SNOW / KING","sl-nomadkingvQIw",true,135000,
,"jules-upholstered-bed","bedroom-furniture",,,true,135000,,"","","",,"NOMAD STONE / KING","sl-nomadkingL59h",true,162000,
,"jules-upholstered-bed","bedroom-furniture",,,true,135000,,"","","",,"NOMAD LINEN / KING","sl-nomadkingLYof",true,162000,
,"meave-6-drawer-mahogany-dresser","bedroom-furniture",,,true,157500,,"","","",,"DOMA VERDE","sl-domav16Kx",true,157500,
,"meave-6-drawer-mahogany-dresser","bedroom-furniture",,,true,157500,,"","","",,"COCONUT CREMA","sl-coconJHDf",true,157500,
,"meave-6-drawer-mahogany-dresser","bedroom-furniture",,,true,157500,,"","","",,"ECLIPSE","sl-eclipfK0T",,180000,
,"callahan-shagreen-nightstand","bedroom-furniture",,,true,127500,,"","","",,"BONE","sl-bonesvmK",true,127500,
,"callahan-shagreen-nightstand","bedroom-furniture",,,true,127500,,"","","",,"CARAMEL","sl-caramnMYP",,129375,
,"callahan-shagreen-nightstand","bedroom-furniture",,,true,127500,,"","","",,"SPARROW","sl-sparr3wSB",true,129375,
,"rowan-solid-wood-performance-fabric-bed","bedroom-furniture",,,true,120000,,"","","",,"NOMAD SNOW / KING","sl-nomadking6qvf",true,120000,
,"bennett-solid-mindi-wood-dresser","bedroom-furniture",,,true,135000,,"","","",,"EBONY","sl-ebonyZ1QH",true,135000,
,"bennett-solid-mindi-wood-dresser","bedroom-furniture",,,true,135000,,"","","",,"BASA NATURAL","sl-basanl4kl",true,126000,
,"tatum-ebony-ash-nightstand","bedroom-furniture",,,true,76500,,"","","",,"DARK TWILIGHT / 32""","sl-darkt32ph3R",true,76500,
,"nerissa-oak-bed","bedroom-furniture",,,true,255000,,"","","",,"SAND / GEORGES SNOW / KING","sl-sandgeorgkingqIE8",true,255000,
,"nerissa-oak-bed","bedroom-furniture",,,true,255000,,"","","",,"COCOA / GEORGES SNOW / KING","sl-cocoageorgkingklS1",true,286875,
,"asher-stone-top-nightstand","bedroom-furniture",,,true,111600,,"","","",,"MOCHA / BLUESTONE / 26""","sl-mochablues26qysE",,111600,
,"asher-stone-top-nightstand","bedroom-furniture",,,true,111600,,"","","",,"HONEY / BLUESTONE / 26""","sl-honeyblues26jAVn",true,111600,
,"asher-stone-top-nightstand","bedroom-furniture",,,true,111600,,"","","",,"LIATH SMOKE / BLUESTONE / 26""","sl-liathblues26Uiix",true,111600,
,"bennett-artisan-mindi-wood-nightstand","bedroom-furniture",,,true,65250,,"","","",,"EBONY","sl-ebonyACLk",true,65250,
,"bennett-artisan-mindi-wood-nightstand","bedroom-furniture",,,true,65250,,"","","",,"BASA NATURAL","sl-basanbLDL",,60900,
,"handcarved-mindi-wood-cane-bed","bedroom-furniture",,,true,157500,,"","","",,"BASA NATURAL / QUEEN","sl-basanqueen1erf",true,157500,
,"handcarved-mindi-wood-cane-bed","bedroom-furniture",,,true,157500,,"","","",,"EBONY / QUEEN","sl-ebonyqueenhDvX",true,146250,
,"asher-6-drawer-solid-wood-dresser","bedroom-furniture",,,true,216000,,"","","",,"MOCHA / BLUESTONE","sl-mochablues8K3J",,216000,
,"asher-6-drawer-solid-wood-dresser","bedroom-furniture",,,true,216000,,"","","",,"LIATH SMOKE / BLUESTONE","sl-liathbluesjLYV",true,216000,
,"asher-6-drawer-solid-wood-dresser","bedroom-furniture",,,true,216000,,"","","",,"EBONY / BLUESTONE","sl-ebonyblueshEEq",true,216000,
,"asher-solid-wood-upholstered-bed","bedroom-furniture",,,false,228000,,"","","",,"MERRITT SNOW / HONEY / QUEEN","sl-merrihoneyqueenHm1D",true,228000,
,"asher-solid-wood-upholstered-bed","bedroom-furniture",,,false,228000,,"","","",,"BEACON NATURAL / HONEY / QUEEN","sl-beacohoneyqueenNGDs",true,228000,
,"callahan-6-drawer-shagreen-dresser","bedroom-furniture",,,true,255000,,"","","",,"BONE","sl-bonelJAx",true,255000,
,"callahan-6-drawer-shagreen-dresser","bedroom-furniture",,,true,255000,,"","","",,"SPARROW","sl-sparrXT9F",true,270000,
,"callahan-6-drawer-shagreen-dresser","bedroom-furniture",,,true,255000,,"","","",,"CARAMEL","sl-caramibvv",,234000,
,"11-drawer-mindi-wood-dresser","bedroom-furniture",,,false,183750,,"","","",,"EBONY","sl-ebonyq76e",true,183750,
,"11-drawer-mindi-wood-dresser","bedroom-furniture",,,false,183750,,"","","",,"BASA NATURAL","sl-basanULi0",true,183750,
,"atlas-oak-open-nightstand","bedroom-furniture",,,true,84375,,"","","",,"OAT","sl-oat21Yp",,84375,
,"atlas-oak-open-nightstand","bedroom-furniture",,,true,84375,,"","","",,"EBONY","sl-ebonyhXvS",true,84375,
,"aurora-handcrafted-eco-bed","bedroom-furniture",,,false,264375,,"","","",,"PROMISE SUGAR / QUEEN","sl-promiqueenzg2L",true,264375,
,"aurora-handcrafted-eco-bed","bedroom-furniture",,,false,264375,,"","","",,"NOMAD SNOW / QUEEN","sl-nomadqueen0CKq",true,342000,
,"aurora-handcrafted-eco-bed","bedroom-furniture",,,false,264375,,"","","",,"OAKS CASHMERE / QUEEN","sl-oakscqueen065J",true,396000,
,"the-briar-bed-artisan-crafted","bedroom-furniture",,,false,219375,,"","","",,"TARA OAT / QUEEN","sl-taraoqueenPZ6B",true,219375,
,"the-briar-bed-artisan-crafted","bedroom-furniture",,,false,219375,,"","","",,"NOMAD SNOW / QUEEN","sl-nomadqueenaJYi",true,264000,
,"amagansett-all-weather-chaise-lounge","outdoor",,,false,157500,,"","","",,"STARBOARD SNOW / VISTA GREY","sl-starbvista1XzH",true,157500,
,"sawyer-all-weather-wicker-lounge-chair","outdoor",,,true,101250,,"","","",,"EDEN SNOW / BLACK","sl-edensblackCune",true,101250,
,"sawyer-all-weather-wicker-lounge-chair","outdoor",,,true,101250,,"","","",,"ROSEMOUNT TAUPE / BLACK","sl-rosemblack8dXS",true,105750,
,"ravine-teak-outdoor-end-table","outdoor",,,false,40500,,"","","",,"NATURAL TEAK","sl-natur06Tf",true,40500,
,"ravine-teak-outdoor-end-table","outdoor",,,false,40500,,"","","",,"WEATHERED FAWN","sl-weathlA8E",true,40500,
,"artisan-woven-teak-end-table","outdoor",,,true,37500,,"","","",,"Default Title","sl-defauqRjv",true,37500,
,"all-weather-martini-side-table","outdoor",,,true,37500,,"","","",,"STORM ETCHED","sl-stormz1Td",true,37500,
,"all-weather-martini-side-table","outdoor",,,true,37500,,"","","",,"CHALK ETCHED","sl-chalkGYF5",true,37500,
,"all-weather-outdoor-pillow-insert","outdoor",,,true,2700,,"","","",,"32"" X 15""","sl-32x150BGs",true,2700,
,"all-weather-outdoor-pillow-insert","outdoor",,,true,2700,,"","","",,"21"" X 21""","sl-21x21lk4z",true,1350,
,"all-weather-outdoor-pillow-insert","outdoor",,,true,2700,,"","","",,"22"" X 14""","sl-22x14OGpx",true,1350,
,"bleached-tree-trunk-concrete-coffee-table","outdoor",,,true,140250,,"","","",,"WHITE","sl-whiteN48Z",true,140250,
,"bleached-tree-trunk-concrete-coffee-table","outdoor",,,true,140250,,"","","",,"BLEACHED","sl-bleacP9ks",true,140250,
,"siena-teak-outdoor-dining-table","outdoor",,,true,210750,,"","","",,"72""","sl-72qgoO",true,210750,
,"siena-teak-outdoor-dining-table","outdoor",,,true,210750,,"","","",,"84""","sl-843vXn",true,189000,
,"siena-teak-outdoor-dining-table","outdoor",,,true,210750,,"","","",,"108""","sl-108xHaw",true,297000,
,"sedona-fiber-cement-side-table","outdoor",,,true,24000,,"","","",,"BLACK","sl-blackF77D",true,24000,
,"lisboa-double-chaise-lounge","outdoor",,,true,135000,,"","","",,"ADRIAN COCOA","sl-adriaM5a4",true,135000,
,"lakeshore-white-marble-outdoor-dining-table","outdoor",,,true,105750,,"","","",,"54""","sl-54iTvJ",,105750,
,"lakeshore-white-marble-outdoor-dining-table","outdoor",,,true,105750,,"","","",,"60""","sl-609kIf",,129750,
,"sedona-fiber-cement-coffee-table","outdoor",,,true,61500,,"","","",,"BLACK","sl-black2Lwc",true,61500,
,"tailored-nantucket-outdoor-furniture-covers","outdoor",,,true,20940,,"","","",,"SURLAST GREY / LOUNGE CHAIR","sl-surlaloungedgG",true,20940,
,"azura-all-weather-outdoor-chaise-lounge","outdoor",,,false,184500,,"","","",,"SHARDAI ZINC","sl-shardivjU",true,184500,
,"tailored-sur-last-patio-furniture-covers","outdoor",,,true,19740,,"","","",,"GREY / SWIVEL CHAIR","sl-greyswiveqLAr",true,19740,
,"sorrento-recycled-outdoor-pillow-cover","outdoor",,,true,4650,,"","","",,"MOSS","sl-mossQNOG",true,4650,
,"sorrento-recycled-outdoor-pillow-cover","outdoor",,,true,4650,,"","","",,"RUBBER","sl-rubbe3Z4j",true,4650,
,"sorrento-recycled-outdoor-pillow-cover","outdoor",,,true,4650,,"","","",,"GREY","sl-greyvOww",true,4650,
,"granada-swivel-rope-chair","outdoor",,,true,94500,,"","","",,"Default Title","sl-defaunlfn",true,94500,
,"amagansett-custom-outdoor-furniture-covers","outdoor",,,true,24000,,"","","",,"SURLAST GREY / 39"" SWIVEL CHAIR","sl-surla39swizaGt",true,24000,
,"sarika-recycled-yarn-lumbar-pillow","outdoor",,,true,5700,,"","","",,"Default Title","sl-defaufjUg",true,5700,
,"negril-aluminum-patio-dining-table","outdoor",,,true,108000,,"","","",,"75""","sl-75Yd5V",true,108000,
,"negril-aluminum-patio-dining-table","outdoor",,,true,108000,,"","","",,"84""","sl-84Nue7",true,125250,
,"negril-aluminum-patio-dining-table","outdoor",,,true,108000,,"","","",,"94""","sl-94gdxV",true,132000,
,"cyrus-plush-swivel-chair","home-office-furniture",,,true,88800,,"","","",,"CHARCOAL ON BLACK","sl-charcSlVo",,88800,
,"cyrus-plush-swivel-chair","home-office-furniture",,,true,88800,,"","","",,"WHITE ON SADDLE","sl-whitevg39",true,88800,
,"grady-artisan-executive-desk","home-office-furniture",,,true,228000,,"","","",,"NORTHMAN CINDER","sl-northXABa",true,228000,
,"grady-artisan-executive-desk","home-office-furniture",,,true,228000,,"","","",,"NORTHMAN SABLE","sl-northi1Qs",true,228000,
,"asher-reeded-oak-writing-desk","home-office-furniture",,,true,240000,,"","","",,"LIATH SMOKE / WHITE MARBLE","sl-liathwhiteHiBd",true,240000,
,"asher-reeded-oak-writing-desk","home-office-furniture",,,true,240000,,"","","",,"EBONY / WHITE MARBLE","sl-ebonywhite0JDb",true,240000,
,"asher-reeded-oak-writing-desk","home-office-furniture",,,true,240000,,"","","",,"MOCHA / WHITE MARBLE","sl-mochawhiteSQTb",true,240000,
,"atlas-modular-oak-file-cabinet","home-office-furniture",,,true,78750,,"","","",,"OAT / 23""","sl-oat23ppsF",true,78750,
,"atlas-modular-oak-file-cabinet","home-office-furniture",,,true,78750,,"","","",,"EBONY / 23""","sl-ebony23Y0lp",true,78750,
,"atlas-modular-solid-oak-desk","home-office-furniture",,,true,236250,,"","","",,"EBONY / 83""","sl-ebony83L90a",true,236250,
,"atlas-modular-solid-oak-desk","home-office-furniture",,,true,236250,,"","","",,"OAT / 83""","sl-oat83aneD",true,236250,
,"dispatch-executive-desk-handcrafted-solid-wood","home-office-furniture",,,true,267750,,"","","",,"EBONY / 78","sl-ebony78tNS3",true,267750,
,"atlas-oak-modular-desk-with-return","home-office-furniture",,,true,315000,,"","","",,"EBONY / SMALL","sl-ebonysmallaBMF",true,315000,
,"atlas-oak-modular-desk-with-return","home-office-furniture",,,true,315000,,"","","",,"OAT / SMALL","sl-oatsmallaMVX",true,315000,
,"alaric-artisan-leather-desk-chair","home-office-furniture",,,true,168000,,"","","",,"STORIA STONE","sl-stori85OL",true,168000,
,"grady-reclaimed-oak-file-cabinet","home-office-furniture",,,true,67500,,"","","",,"NORTHMAN SABLE","sl-northdxN8",true,67500,
,"grady-reclaimed-oak-file-cabinet","home-office-furniture",,,true,67500,,"","","",,"NORTHMAN CINDER","sl-northUF7N",true,67500,
,"saylor-ergonomic-swivel-desk-chair","home-office-furniture",,,false,81600,,"","","",,"NOMAD SNOW","sl-nomad8Zy7",true,81600,
,"handcrafted-mindi-wood-bookcase","home-office-furniture",,,true,126000,,"","","",,"Default Title","sl-defauAm8H",true,126000,
,"crank-up-glass-reclaimed-wood-desk","home-office-furniture",,,false,225750,,"","","",,"SMALL","sl-smallTxyV",true,225750,
,"crank-up-glass-reclaimed-wood-desk","home-office-furniture",,,false,225750,,"","","",,"LARGE","sl-largeJGuE",true,252000,
,"tatum-solid-ash-executive-desk","home-office-furniture",,,true,215250,,"","","",,"Default Title","sl-defauVzsP",true,215250,
,"elise-swivel-desk-chair","home-office-furniture",,,true,51600,,"","","",,"NOMAD SNOW","sl-nomadCCQE",true,51600,
,"dispatch-corner-desk-with-hidden-storage","home-office-furniture",,,true,299250,,"","","",,"Default Title","sl-defauziEb",true,299250,
,"grady-reclaimed-oak-waterfall-desk","home-office-furniture",,,true,194925,,"","","",,"Default Title","sl-defauMZiM",true,194925,
,"atlas-white-oak-executive-desk","home-office-furniture",,,true,262500,,"","","",,"OAT","sl-oatJftu",,262500,
,"atlas-white-oak-executive-desk","home-office-furniture",,,true,262500,,"","","",,"EBONY","sl-ebonygzxj",,262500,
,"callahan-walnut-brass-writing-desk","home-office-furniture",,,true,94500,,"","","",,"CARAMEL","sl-caramH66M",,94500,
,"callahan-walnut-brass-writing-desk","home-office-furniture",,,true,94500,,"","","",,"SPARROW","sl-sparrgxDw",true,157500,
,"callahan-walnut-brass-writing-desk","home-office-furniture",,,true,94500,,"","","",,"BONE","sl-boneG7e4",true,157500,
,"tatum-ash-wood-writing-desk-with-leather-top","home-office-furniture",,,true,147000,,"","","",,"Default Title","sl-defau9XJP",true,147000,
,"foundry-executive-desk-handcrafted-mahogany","home-office-furniture",,,true,184500,,"","","",,"USINE BLACK","sl-usineWgSQ",true,184500,
